<?xml version="1.0" encoding="utf-8"?>
<permissions>
    <privapp-permissions package="im.angry.openeuicc">
        <permission name="android.permission.READ_PRIVILEGED_PHONE_STATE" />
        <permission name="android.permission.WRITE_EMBEDDED_SUBSCRIPTIONS" />
        <permission name="android.permission.MODIFY_PHONE_STATE" />
        <permission name="android.permission.SECURE_ELEMENT_PRIVILEGED_OPERATION" />
        <permission name="android.permission.FOREGROUND_SERVICE" />
        <permission name="android.permission.POST_NOTIFICATIONS" />
    </privapp-permissions>
</permissions>
